{"cameraMode":{"drawMode":0,"name":"Shaded","section":"Shading Mode"},"sceneLighting":false,"audioPlay":false,"sceneViewState":{"m_AlwaysRefresh":false,"showFog":true,"showSkybox":true,"showFlares":true,"showImageEffects":true,"showParticleSystems":true,"showVisualEffectGraphs":true,"m_FxEnabled":true},"in2DMode":false,"pivot":{"x":4.997790336608887,"y":-6.160922050476074,"z":-4.384960174560547},"rotation":{"x":-0.016405388712882997,"y":-0.8768871426582336,"z":0.4794993996620178,"w":-0.030004700645804406},"size":12.366908073425293,"orthographic":true}